festival,year,start,end
Ultra Miami,2022,2022-03-25,2022-03-27
Ultra Miami,2023,2023-03-24,2023-03-26
Ultra Miami,2024,2024-03-22,2024-03-24
Ultra Miami,2025,2025-03-28,2025-03-30
Ultra Miami,2026,2026-03-27,2026-03-29
Coachella,2022,2022-04-15,2022-04-24
Coachella,2023,2023-04-14,2023-04-23
Coachella,2024,2024-04-12,2024-04-21
Coachella,2025,2025-04-11,2025-04-20
Coachella,2026,2026-04-10,2026-04-19
EDC Las Vegas,2022,2022-05-20,2022-05-22
EDC Las Vegas,2023,2023-05-19,2023-05-21
EDC Las Vegas,2024,2024-05-17,2024-05-19
EDC Las Vegas,2025,2025-05-16,2025-05-18
EDC Las Vegas,2026,2026-05-15,2026-05-17
EDC Las Vegas,2027,2027-05-14,2027-05-23
Lollapalooza,2022,2022-07-28,2022-07-31
Lollapalooza,2023,2023-08-03,2023-08-06
Lollapalooza,2024,2024-08-01,2024-08-04
Lollapalooza,2025,2025-07-31,2025-08-03
Lollapalooza,2026,2026-07-30,2026-08-02
Burning Man,2022,2022-08-28,2022-09-05
Burning Man,2023,2023-08-27,2023-09-04
Burning Man,2024,2024-08-25,2024-09-02
Burning Man,2025,2025-08-24,2025-09-01
Burning Man,2026,2026-08-30,2026-09-07
Halloween,2021,2021-10-31,2021-10-31
Halloween,2022,2022-10-31,2022-10-31
Halloween,2023,2023-10-31,2023-10-31
Halloween,2024,2024-10-31,2024-10-31
Halloween,2025,2025-10-31,2025-10-31
Halloween,2026,2026-10-31,2026-10-31
