brand,category,product,price,sale_price,url,source_collection,date_collected
Dolls Kill,Bodysuits & Rompers,Camilla Ribbed High-Cut Bodysuit,42.0,42.0,https://www.dollskill.com/products/camilla-ribbed-high-cut-bodysuit,cut-out-bodysuit,2026-09-29
Dolls Kill,Bodysuits & Rompers,Tempo Lace-Up Cut-Out Bodysuit,49.0,49.0,https://www.dollskill.com/products/tempo-lace-up-cut-out-bodysuit,cut-out-bodysuit,2026-09-29
Dolls Kill,Bodysuits & Rompers,MX2 Corset Bodysuit,88.0,88.0,https://www.dollskill.com/products/mx2-corset-bodysuit,cut-out-bodysuit,2026-09-29
Dolls Kill,Bodysuits & Rompers,Charged Strappy Washed Bodysuit,59.0,59.0,https://www.dollskill.com/products/charged-strappy-washed-bodysuit,cut-out-bodysuit,2026-09-29
Dolls Kill,Bodysuits & Rompers,Yellow Moto Cut-Out Bodysuit,88.0,88.0,https://www.dollskill.com/products/yellow-moto-cut-out-bodysuit,cut-out-bodysuit,2026-09-29
Dolls Kill,Bodysuits & Rompers,Flash Dancer Cut Out Bodysuit - Brown,28.0,28.0,https://www.dollskill.com/products/flash-dancer-cut-out-bodysuit-brown,cut-out-bodysuit,2026-09-29
Dolls Kill,Bodysuits & Rompers,Love Aflame Lace Bodysuit,19.0,19.0,https://www.dollskill.com/products/love-aflame-lace-bodysuit,cut-out-bodysuit,2026-09-29
Dolls Kill,Bodysuits & Rompers,Tempo Two-Tone Shredded Bodysuit,49.0,49.0,https://www.dollskill.com/products/tempo-two-tone-shredded-bodysuit,cut-out-bodysuit,2026-09-29
Dolls Kill,Bodysuits & Rompers,Moto Cut-Out Bodysuit,88.0,88.0,https://www.dollskill.com/products/moto-cut-out-bodysuit,cut-out-bodysuit,2026-09-29
Dolls Kill,Bodysuits & Rompers,Kickdrum Distressed Halter Bodysuit,45.0,45.0,https://www.dollskill.com/products/kickdrum-distressed-halter-bodysuit,cut-out-bodysuit,2026-09-29
Dolls Kill,Bodysuits & Rompers,Darkroom Layered Bodysuit,115.0,115.0,https://www.dollskill.com/products/darkroom-layered-bodysuit,cut-out-bodysuit,2026-09-29
Dolls Kill,Bodysuits & Rompers,Music Galore Cut Out Bodysuit,22.0,22.0,https://www.dollskill.com/products/music-galore-cut-out-bodysuit,cut-out-bodysuit,2026-09-29
Dolls Kill,Bodysuits & Rompers,No Imitation Cutout Bodysuit,25.0,25.0,https://www.dollskill.com/products/no-imitation-cutout-bodysuit,cut-out-bodysuit,2026-09-29
Dolls Kill,Bodysuits & Rompers,Digital Intruder Cut Out Bodysuit,42.0,42.0,https://www.dollskill.com/products/digital-intruder-cut-out-bodysuit,cut-out-bodysuit,2026-09-29
Dolls Kill,Bodysuits & Rompers,Moto Cut-Out Bodysuit - Pink,98.0,98.0,https://www.dollskill.com/products/moto-cut-out-bodysuit-pink,cut-out-bodysuit,2026-09-29
Dolls Kill,Bodysuits & Rompers,Compression Cut Out Bodysuit & Gloves Set - Charcoal,55.0,55.0,https://www.dollskill.com/products/compression-cut-out-bodysuit-gloves-set-charcoal,cut-out-bodysuit,2026-09-29
Dolls Kill,Bodysuits & Rompers,Reloop Mesh Halter Romper,59.0,59.0,https://www.dollskill.com/products/poolah-halter-romper,festival-clothing-outfits / kandi-rave-outfits-clothing,2026-09-29
Dolls Kill,Bodysuits & Rompers,Reloop Fur Long Sleeve Zip Up Romper,89.0,89.0,https://www.dollskill.com/products/feral-feline-rib-faux-fur-playsuit,festival-clothing-outfits / kandi-rave-outfits-clothing,2026-09-29
Dolls Kill,Bodysuits & Rompers,Mermaid Mirage Jumpsuit,79.0,79.0,https://www.dollskill.com/products/mermaid-mirage-jumpsuit,festival-clothing-outfits / kandi-rave-outfits-clothing,2026-09-29
Dolls Kill,Bodysuits & Rompers,Sonic Bloom Cut-Out Romper - Purple,49.0,49.0,https://www.dollskill.com/products/sonic-bloom-cut-out-romper-purple,festival-clothing-outfits / kandi-rave-outfits-clothing,2026-09-29
iHeartRaves,Bodysuits & Rompers,Pastel Harlequin Bodysuit with Sleeves,79.95,59.96,https://www.iheartraves.com/products/pastel-harlequin-bodysuit,rave-bodysuits,2026-09-29
iHeartRaves,Bodysuits & Rompers,Flashbang Silver Reflective Bodysuit with Sleeves,92.95,69.71,https://www.iheartraves.com/products/flashbang-silver-reflective-bodysuit-with-sleeves,rave-bodysuits,2026-09-29
iHeartRaves,Bodysuits & Rompers,Wild Thing Fishnet Jumpsuit,62.95,47.21,https://www.iheartraves.com/products/wild-thing-fishnet-jumpsuit,rave-bodysuits,2026-09-29
iHeartRaves,Bodysuits & Rompers,Twisted Reality Purple Rainbow Reflective Bodysuit,74.95,56.21,https://www.iheartraves.com/products/twisted-reality-purple-rainbow-reflective-bodysuit,rave-bodysuits,2026-09-29
iHeartRaves,Bodysuits & Rompers,Don't Play Nice Bodysuit with Chains,59.95,44.96,https://www.iheartraves.com/products/dont-play-nice-bodysuit-with-chains,rave-bodysuits,2026-09-29
iHeartRaves,Bodysuits & Rompers,Dark Circuit Fishnet Jumpsuit Set,62.95,47.21,https://www.iheartraves.com/products/dark-circuit-fishnet-jumpsuit,rave-bodysuits,2026-09-29
iHeartRaves,Bodysuits & Rompers,Lucid Lava Bodysuit with Sleeves,59.95,44.96,https://www.iheartraves.com/products/lucid-lava-bodysuit-with-sleeves,rave-bodysuits,2026-09-29
iHeartRaves,Bodysuits & Rompers,Flashbang Matrix Rainbow Reflective Hooded Bodysuit,84.95,63.71,https://www.iheartraves.com/products/flashbang-matrix-rainbow-reflective-hooded-bodysuit,rave-bodysuits,2026-09-29
iHeartRaves,Bodysuits & Rompers,Berrylicious Babe Bodysuit and Sleeves,109.95,82.46,https://www.iheartraves.com/products/berrylicious-babe-bodysuit-and-sleeves,rave-bodysuits,2026-09-29
iHeartRaves,Bodysuits & Rompers,Wasteland Babe Jumpsuit,59.95,44.96,https://www.iheartraves.com/products/wasteland-babe-jumpsuit,rave-bodysuits,2026-09-29
iHeartRaves,Bodysuits & Rompers,Corset Crush Romper,59.95,44.96,https://www.iheartraves.com/products/corset-crush-romper,rave-bodysuits,2026-09-29
iHeartRaves,Bodysuits & Rompers,Gimme that Hard Beat Romper with Sleeves,74.95,56.21,https://www.iheartraves.com/products/gimme-that-hard-beat-romper-with-sleeves,rave-bodysuits,2026-09-29
iHeartRaves,Bodysuits & Rompers,Hardcore Heat Jumpsuit with Sleeves,64.95,48.71,https://www.iheartraves.com/products/hardcore-heat-jumpsuit,rave-bodysuits,2026-09-29
iHeartRaves,Bodysuits & Rompers,Secret Life of Mushroom Bodysuit and Sleeves Set,74.95,56.21,https://www.iheartraves.com/products/secret-life-of-mushroom-bodysuit-and-sleeves-set,rave-bodysuits,2026-09-29
iHeartRaves,Bodysuits & Rompers,BPM Babe Hooded Romper,54.95,41.21,https://www.iheartraves.com/products/bpm-babe-hooded-romper,rave-bodysuits,2026-09-29
iHeartRaves,Bodysuits & Rompers,Happy Hour Rainbow Reflective Tie Bodysuit,79.95,59.96,https://www.iheartraves.com/products/happy-hour-rainbow-reflective-tie-bodysuit,rave-bodysuits,2026-09-29
iHeartRaves,Bodysuits & Rompers,Gatekeeper Silver Reflective Bodysuit,74.95,56.21,https://www.iheartraves.com/products/gatekeeper-silver-reflective-bodysuit,rave-bodysuits,2026-09-29
iHeartRaves,Bodysuits & Rompers,She's the Moment Bodysuit,29.95,29.95,https://www.iheartraves.com/products/shes-the-moment-bodysuit,rave-bodysuits,2026-09-29
iHeartRaves,Bodysuits & Rompers,Bass Destruction Cutout Bodysuit,29.95,22.46,https://www.iheartraves.com/products/bass-destruction-cutout-bodysuit,rave-bodysuits,2026-09-29
iHeartRaves,Bodysuits & Rompers,VIP Behavior Lace Romper with Sleeves,59.95,44.96,https://www.iheartraves.com/products/vip-behavior-lace-romper,rave-bodysuits,2026-09-29
Dolls Kill,Tops,Reloop Washed Denim Buckle Bra Top,49.0,49.0,https://www.dollskill.com/products/necessary-revolution-buckle-bra-top,festival-clothing-outfits / kandi-rave-outfits-clothing,2026-09-29
Dolls Kill,Tops,Reloop Warrior Rider Padded Baby Tee,49.0,49.0,https://www.dollskill.com/products/warrior-rider-padded-baby-tee,festival-clothing-outfits / kandi-rave-outfits-clothing,2026-09-29
Dolls Kill,Tops,Ethereal Opulence Sequin Bra And Shrug Set,49.0,49.0,https://www.dollskill.com/products/ethereal-opulence-sequin-bra-and-shrug-set,festival-clothing-outfits / kandi-rave-outfits-clothing,2026-09-29
Dolls Kill,Tops,Rude Awakening Harness Bra Top - Purple,59.0,47.2,https://www.dollskill.com/products/rude-awakening-harness-bra-top-purple,festival-clothing-outfits / kandi-rave-outfits-clothing,2026-09-29
Dolls Kill,Tops,Collared Crop Top,28.0,28.0,https://www.dollskill.com/products/collared-crop-top,crop-tops,2026-09-29
Dolls Kill,Tops,Internal Chaos Crop Top,29.0,29.0,https://www.dollskill.com/products/internal-chaos-crop-top,crop-tops,2026-09-29
Dolls Kill,Tops,Hot In It Denim Crop Top,49.0,49.0,https://www.dollskill.com/products/hot-in-it-denim-crop-top,crop-tops,2026-09-29
Dolls Kill,Tops,Chamber Backless Crop Top,35.0,35.0,https://www.dollskill.com/products/chamber-backless-crop-top,crop-tops,2026-09-29
Dolls Kill,Tops,Dazzling Daydream Long Sleeve Crop Top - Blue,49.0,49.0,https://www.dollskill.com/products/dazzling-daydream-long-sleeve-crop-top-blue,crop-tops,2026-09-29
Dolls Kill,Tops,Dazzling Daydream Long Sleeve Crop Top - Pink,49.0,49.0,https://www.dollskill.com/products/dazzling-daydream-long-sleeve-crop-top-pink,crop-tops,2026-09-29
Dolls Kill,Tops,Desert Dancing Crop Top - Ivory,45.0,45.0,https://www.dollskill.com/products/desert-dancing-crop-top-ivory,crop-tops,2026-09-29
Dolls Kill,Tops,Hailey Lace Crop Top,39.0,39.0,https://www.dollskill.com/products/hailey-lace-crop-top,crop-tops,2026-09-29
Dolls Kill,Tops,Handwritten Notes Crop Top,39.0,39.0,https://www.dollskill.com/products/handwritten-notes-crop-top,crop-tops,2026-09-29
Dolls Kill,Tops,Delightfully Dignified Crop Top,49.0,49.0,https://www.dollskill.com/products/delightfully-dignified-crop-top,crop-tops,2026-09-29
iHeartRaves,Tops,That's Hot! Festival Bra,129.95,97.46,https://www.iheartraves.com/products/hot-sticker-festival-bra,rave-tops-bras,2026-09-29
iHeartRaves,Tops,Barbed Thorn Halter Top,44.95,33.71,https://www.iheartraves.com/products/thorn-crush-halter-top,rave-tops-bras,2026-09-29
iHeartRaves,Tops,Drop Dead Gorgeous Festival Bra,129.95,97.46,https://www.iheartraves.com/products/dead-dead-gorgeous-festival-bra,rave-tops-bras,2026-09-29
iHeartRaves,Tops,Butterfly Dance Top with Sleeves,59.95,59.95,https://www.iheartraves.com/products/butterfly-dance-top-with-sleeves,rave-tops-bras,2026-09-29
iHeartRaves,Tops,Cosmic Jungle Top,54.95,41.21,https://www.iheartraves.com/products/cosmic-jungle-top,rave-tops-bras,2026-09-29
iHeartRaves,Tops,Disco Diamond Top,54.95,41.21,https://www.iheartraves.com/products/disco-diamond-top,rave-tops-bras,2026-09-29
iHeartRaves,Tops,Jester Top With Sleeves,69.95,52.46,https://www.iheartraves.com/products/jester-corset-top,rave-tops-bras,2026-09-29
iHeartRaves,Tops,Happy Hour Rainbow Reflective Unisex Jersey,94.95,71.21,https://www.iheartraves.com/products/happy-hour-rainbow-reflective-jersey,rave-tops-bras,2026-09-29
Rave Wonderland,Tops,Black Mesh Shrug With Buckle,32.94,32.94,https://www.ravewonderland.com/products/hazard-sheer-long-sleeve-shrug-with-buckle,edgy-rave-tops,2026-09-29
Rave Wonderland,Tops,Black Underboob Top,29.95,29.95,https://www.ravewonderland.com/products/black-underboob-top,edgy-rave-tops,2026-09-29
Rave Wonderland,Tops,Diamond Fishnet Long Sleeve Crop Top,23.94,23.94,https://www.ravewonderland.com/products/fishnet-long-sleeve-crop-top,edgy-rave-tops,2026-09-29
Rave Wonderland,Tops,Chain Wrecked Keyhole Top,39.95,4.95,https://www.ravewonderland.com/products/chain-wrecked-keyhole-chain-halter-top,edgy-rave-tops,2026-09-29
Rave Wonderland,Tops,Cross My Heart Net Crop Top,29.94,29.94,https://www.ravewonderland.com/products/cross-my-heart-net-crop-top,edgy-rave-tops,2026-09-29
Rave Wonderland,Tops,Sonic Shroom Underboob Top,29.95,29.95,https://www.ravewonderland.com/products/sonic-shroom-underboob-top,edgy-rave-tops,2026-09-29
Rave Wonderland,Tops,Sonic Shroom Bell Sleeve Shrug,41.94,41.94,https://www.ravewonderland.com/products/sonic-shroom-bell-sleeve-shrug,edgy-rave-tops,2026-09-29
Rave Wonderland,Tops,Red Click It or Ticket Buckle Top,27.95,18.95,https://www.ravewonderland.com/products/red-click-it-or-ticket-buckle-top,edgy-rave-tops,2026-09-29
Rave Wonderland,Tops,Black Click It Buckle Top,27.95,18.95,https://www.ravewonderland.com/products/click-it-or-ticket-it-matte-buckle-top,edgy-rave-tops,2026-09-29
Rave Wonderland,Tops,Crimson Zenith Underboob Top,29.95,29.95,https://www.ravewonderland.com/products/crimson-zenith-underboob-top,edgy-rave-tops,2026-09-29
Rave Wonderland,Tops,Dark Moonlight Women's Black Mesh Shrug,46.94,46.94,https://www.ravewonderland.com/products/dark-moonlight-shrug,edgy-rave-tops,2026-09-29
Rave Wonderland,Tops,Hollow Night Women's Black Corset Top,43.94,43.94,https://www.ravewonderland.com/products/hollow-night-corset-top,edgy-rave-tops,2026-09-29
Rave Wonderland,Tops,Crimson Zenith O-Ring Halter Top,29.95,29.95,https://www.ravewonderland.com/products/crimson-zenith-o-ring-halter-top,edgy-rave-tops,2026-09-29
Rave Wonderland,Tops,Paint The Town Red Women's Lace-Up Corset Top,49.95,24.95,https://www.ravewonderland.com/products/paint-the-town-red-womens-lace-up-corset-top,edgy-rave-tops,2026-09-29
Rave Wonderland,Tops,Black Synergy Women's Hooded Shrug,43.94,43.94,https://www.ravewonderland.com/products/black-synergy-womens-hooded-shrug,edgy-rave-tops,2026-09-29
Rave Wonderland,Tops,Dark Envy Women's Black Lace Shrug,43.94,43.94,https://www.ravewonderland.com/products/dark-envy-womens-black-lace-shrug,edgy-rave-tops,2026-09-29
Rave Wonderland,Tops,Ultraviolet Vision Women's Underboob Top,29.95,29.95,https://www.ravewonderland.com/products/ultraviolet-vision-womens-underboob-top,edgy-rave-tops,2026-09-29
Dolls Kill,Bottoms,Reloop Studded Yoga Shorts,59.0,59.0,https://www.dollskill.com/products/over-it-studded-fold-over-yoga-micro-shorts,festival-clothing-outfits / kandi-rave-outfits-clothing,2026-09-29
Dolls Kill,Bottoms,Reloop Studded Fold Over Flare Yoga Pants,79.0,79.0,https://www.dollskill.com/products/over-it-studded-fold-over-yoga-flare-pants,festival-clothing-outfits / kandi-rave-outfits-clothing,2026-09-29
Dolls Kill,Bottoms,Reloop Motocross Shorts,79.0,79.0,https://www.dollskill.com/products/alternate-reality-graphic-board-shorts,festival-clothing-outfits / kandi-rave-outfits-clothing,2026-09-29
Dolls Kill,Bottoms,Reloop Washed & Distressed Denim Jorts,69.0,69.0,https://www.dollskill.com/products/necessary-revolution-washed-distressed-jorts,festival-clothing-outfits / kandi-rave-outfits-clothing,2026-09-29
Dolls Kill,Bottoms,Ethereal Opulence Sequin Maxi Skirt,69.0,69.0,https://www.dollskill.com/products/ethereal-opulence-sequin-maxi-skirt,festival-clothing-outfits / kandi-rave-outfits-clothing,2026-09-29
Dolls Kill,Bottoms,Rude Awakening Lace-Up Shorts - Purple,49.0,39.2,https://www.dollskill.com/products/rude-awakening-lace-up-shorts-purple,festival-clothing-outfits / kandi-rave-outfits-clothing,2026-09-29
Dolls Kill,Bottoms,Picu Plaid Shorts,49.0,49.0,https://www.dollskill.com/products/picu-plaid-shorts,shorts,2026-09-29
Dolls Kill,Bottoms,On The Move Dolphin Shorts - Green,19.0,19.0,https://www.dollskill.com/products/on-the-move-dolphin-shorts-green,shorts,2026-09-29
Dolls Kill,Bottoms,Ritulia Knit Shorts,39.0,39.0,https://www.dollskill.com/products/ritulia-knit-shorts,shorts,2026-09-29
Dolls Kill,Bottoms,Tailored To You Mini Skort,38.0,38.0,https://www.dollskill.com/products/tailored-to-you-mini-skort,shorts,2026-09-29
Dolls Kill,Bottoms,Cozy Getaway Biker Shorts,20.0,20.0,https://www.dollskill.com/products/cozy-getaway-biker-shorts,shorts,2026-09-29
Dolls Kill,Bottoms,La Bella Vita Micro Skort - Black/Red,39.0,31.2,https://www.dollskill.com/products/la-bella-vita-mini-skort-black,shorts,2026-09-29
Dolls Kill,Bottoms,Picu Frill Shorts,48.0,48.0,https://www.dollskill.com/products/picu-frill-shorts,shorts,2026-09-29
Dolls Kill,Bottoms,Untamed Instincts Knit Bloomers,39.0,39.0,https://www.dollskill.com/products/untamed-instincts-knit-bloomers,shorts,2026-09-29
Dolls Kill,Bottoms,Not Conforming Micro Skort,29.0,29.0,https://www.dollskill.com/products/not-conforming-micro-skort,shorts,2026-09-29
Dolls Kill,Bottoms,Office Punk Mini Skort - Gray,69.0,69.0,https://www.dollskill.com/products/office-punk-mini-skort-gray,shorts,2026-09-29
Dolls Kill,Bottoms,Don't Even Go There Mini Skort - Dark Red,25.0,25.0,https://www.dollskill.com/products/don-t-even-go-there-mini-skort-dark-red,shorts,2026-09-29
Dolls Kill,Bottoms,Rag Ballet Skort,150.0,150.0,https://www.dollskill.com/products/rag-ballet-skort-1,shorts,2026-09-29
Dolls Kill,Bottoms,Don't Even Go There Mini Skort - Black,25.0,20.0,https://www.dollskill.com/products/don-t-even-go-there-mini-skort-black,shorts,2026-09-29
iHeartRaves,Bottoms,Jester Ruffle Shorts,44.95,33.71,https://www.iheartraves.com/products/jester-ruffle-shorts,booty-shorts-bottoms,2026-09-29
iHeartRaves,Bottoms,Bussin' Bass Harem Pants,79.95,59.96,https://www.iheartraves.com/products/bussin-bass-harem-pants,booty-shorts-bottoms,2026-09-29
iHeartRaves,Bottoms,Cosmic Jungle Shorts,54.95,41.21,https://www.iheartraves.com/products/cosmic-jungle-shorts,booty-shorts-bottoms,2026-09-29
iHeartRaves,Bottoms,Flashbang Matrix Reflective Mini Skirt,47.95,47.95,https://www.iheartraves.com/products/flashbang-matrix-reflective-mini-skirt,booty-shorts-bottoms,2026-09-29
iHeartRaves,Bottoms,Wildwood Harem Pants,79.95,59.96,https://www.iheartraves.com/products/wildwood-joggers,booty-shorts-bottoms,2026-09-29
iHeartRaves,Bottoms,Welcome to Trippyland Harness Booty Shorts,44.95,33.71,https://www.iheartraves.com/products/welcome-to-trippyland-harness-booty-shorts,booty-shorts-bottoms,2026-09-29
iHeartRaves,Bottoms,Disco Diamond Skirt,79.95,59.96,https://www.iheartraves.com/products/disco-diamond-skirt,booty-shorts-bottoms,2026-09-29
iHeartRaves,Bottoms,Lace Flower Fields Stretch Bell Bottoms,72.95,54.71,https://www.iheartraves.com/products/lace-flower-fields-bell-bottoms,booty-shorts-bottoms,2026-09-29
Rave Wonderland,Bottoms,Gray Reflective Joggers,49.95,49.95,https://www.ravewonderland.com/products/gray-reflective-joggers,edgy-rave-bottoms,2026-09-29
Rave Wonderland,Bottoms,Black Fishnet Skater Skirt,27.95,14.95,https://www.ravewonderland.com/products/fishnet-skater-skirt,edgy-rave-bottoms,2026-09-29
Rave Wonderland,Bottoms,Flash Reflective Joggers,39.95,11.95,https://www.ravewonderland.com/products/flash-reflective-joggers,edgy-rave-bottoms,2026-09-29
Rave Wonderland,Bottoms,Fishnet Biker Shorts,11.94,11.94,https://www.ravewonderland.com/products/fishnet-biker-shorts,edgy-rave-bottoms,2026-09-29
Rave Wonderland,Bottoms,Red Reflective Unisex Joggers,49.95,49.95,https://www.ravewonderland.com/products/reflective-bottoms,edgy-rave-bottoms,2026-09-29
Rave Wonderland,Bottoms,Flash Reflective Cargo Pants,56.94,56.94,https://www.ravewonderland.com/products/flash-reflective-cargo-pants,edgy-rave-bottoms,2026-09-29
Rave Wonderland,Bottoms,No Mercy Layered Pants,59.95,29.95,https://www.ravewonderland.com/products/no-mercy-layered-pants,edgy-rave-bottoms,2026-09-29
Rave Wonderland,Bottoms,Blue Wash Denim Micro Skirt,69.95,29.95,https://www.ravewonderland.com/products/blue-wash-denim-micro-skirt,edgy-rave-bottoms,2026-09-29
Rave Wonderland,Bottoms,Destructive Love Thong Shorts,40.94,40.94,https://www.ravewonderland.com/products/destructive-love-thong-shorts,edgy-rave-bottoms,2026-09-29
Rave Wonderland,Bottoms,Destructive Love Flare Skirt,53.94,53.94,https://www.ravewonderland.com/products/destructive-love-flare-skirt,edgy-rave-bottoms,2026-09-29
Rave Wonderland,Bottoms,Destructive Love Harness Shorts,50.94,50.94,https://www.ravewonderland.com/products/destructive-love-harness-shorts,edgy-rave-bottoms,2026-09-29
Rave Wonderland,Bottoms,Unisex Black Joggers With Reflective Lining,49.95,49.95,https://www.ravewonderland.com/products/black-reflective-joggers,edgy-rave-bottoms,2026-09-29
Rave Wonderland,Bottoms,Cover of Darkness Black Vinyl Strap Skirt,49.95,9.95,https://www.ravewonderland.com/products/cover-of-darkness-black-vinyl-strap-skirt,edgy-rave-bottoms,2026-09-29
Rave Wonderland,Bottoms,Red Contrast Print Shorts,74.95,29.95,https://www.ravewonderland.com/products/red-contrast-print-shorts,edgy-rave-bottoms,2026-09-29
Rave Wonderland,Bottoms,Spurred On Daisy Dukes,55.94,11.95,https://www.ravewonderland.com/products/spurred-on-daisy-dukes,edgy-rave-bottoms,2026-09-29
Dolls Kill,Platform Shoes & Boots,Jubilant-01 Platform Slides-Black,73.95,73.95,https://www.dollskill.com/products/jubilant-01-platform-heels,platform-shoes,2026-09-29
Dolls Kill,Platform Shoes & Boots,Rapture RAPT808T-1 Platform Heels,69.0,69.0,https://www.dollskill.com/products/rapture-rapt808t-1-platform-heels,platform-shoes,2026-09-29
Dolls Kill,Platform Shoes & Boots,Plush Paws Platform Heels - Playboy Bunny,119.0,83.3,https://www.dollskill.com/products/plush-paws-platform-heels-playboy-bunny,platform-shoes,2026-09-29
Dolls Kill,Platform Shoes & Boots,Adore 706 Platform Heels,59.0,59.0,https://www.dollskill.com/products/ado706-c-m-stappy-clear-platform-adore-706,platform-shoes,2026-09-29
Dolls Kill,Platform Shoes & Boots,Holy Revelation Pure Platform Heels - Black,59.0,59.0,https://www.dollskill.com/products/pure-revelation-platform-heels-black,platform-shoes,2026-09-29
Dolls Kill,Platform Shoes & Boots,The Wild West Platform Boots - Brown,149.0,149.0,https://www.dollskill.com/products/the-wild-west-platform-boots-brown,platform-shoes,2026-09-29
Dolls Kill,Platform Shoes & Boots,Holy Revelation Pure Platform Heels - Camo,59.0,41.3,https://www.dollskill.com/products/pure-revelation-platform-heels-camo,platform-shoes,2026-09-29
Dolls Kill,Platform Shoes & Boots,Flash On Leopard Boots,129.0,103.2,https://www.dollskill.com/products/flash-on-leopard-boots,platform-shoes,2026-09-29
Dolls Kill,Platform Shoes & Boots,Snuggle Lifestyle Platform Boots,109.0,34.98,https://www.dollskill.com/products/snuggle-wonderland-platform-boots-blue,platform-shoes,2026-09-29
Dolls Kill,Platform Shoes & Boots,Woodland Lucid Dream Corset Boots - Jacquard,159.0,159.0,https://www.dollskill.com/products/woodland-lucid-dream-corset-boots-2,festival-clothing-outfits / kandi-rave-outfits-clothing,2026-09-29
Dolls Kill,Platform Shoes & Boots,Sparked Emotions Rhinestone Boots,469.0,469.0,https://www.dollskill.com/products/sparked-emotions-rhinestone-boots,festival-clothing-outfits / kandi-rave-outfits-clothing,2026-09-29
Dolls Kill,Platform Shoes & Boots,Interstellar Wave Platform Boots - Holo,119.0,119.0,https://www.dollskill.com/products/interstellar-wave-platform-boots-holo,festival-clothing-outfits / kandi-rave-outfits-clothing,2026-09-29
Dolls Kill,Platform Shoes & Boots,Sharp Sheriff Shine Knee High Boots - Black,149.0,149.0,https://www.dollskill.com/products/sheriff-shine-knee-high-boots-black,festival-clothing-outfits / kandi-rave-outfits-clothing,2026-09-29
iHeartRaves,Platform Shoes & Boots,Dreamy Dazzle Holo Combat Boots With Charms & Heart Pocket,67.95,43.49,https://www.iheartraves.com/products/iheartraves-dreamy-dazzle-holo-combat-boots-with-charms-heart-pocket,rave-shoes,2026-09-29
Rave Wonderland,Platform Shoes & Boots,White High Livin' Women's Hi Top Sneakers,69.95,69.95,https://www.ravewonderland.com/products/white-high-livin-hi-top-sneakers,best-selling-boots-shoes,2026-09-29
Rave Wonderland,Platform Shoes & Boots,Black High Livin' Women's Hi Top Sneakers,69.95,69.95,https://www.ravewonderland.com/products/black-high-livin-hi-top-sneakers,best-selling-boots-shoes,2026-09-29
Rave Wonderland,Platform Shoes & Boots,Demonia Black Winter Solstice Faux Fur Boots,158.94,158.94,https://www.ravewonderland.com/products/copy-of-white-winter-solstice-faux-fur-boots,best-selling-boots-shoes,2026-09-29
Rave Wonderland,Platform Shoes & Boots,Demonia White Winter Solstice Faux Fur Boots,158.94,158.94,https://www.ravewonderland.com/products/copy-of-black-winter-solstice-faux-fur-boots,best-selling-boots-shoes,2026-09-29
Rave Wonderland,Platform Shoes & Boots,Demonia Pink Winter Solstice Faux Fur Boots,158.94,158.94,https://www.ravewonderland.com/products/copy-of-demonia-black-furry-winter-faux-fur-boots,best-selling-boots-shoes,2026-09-29
Rave Wonderland,Platform Shoes & Boots,Demonia Brown Winter Solstice Faux Fur Boots,158.94,158.94,https://www.ravewonderland.com/products/demonia-brown-winter-solstice-faux-fur-boots,best-selling-boots-shoes,2026-09-29
Rave Wonderland,Platform Shoes & Boots,Demonia Slacker Matte Black Knee High Boots,136.94,136.94,https://www.ravewonderland.com/products/demonia-slacker-matte-black-knee-high-boots,best-selling-boots-shoes,2026-09-29
Rave Wonderland,Platform Shoes & Boots,Demonia Camel Matte Black Women's Buckle Thigh High Platform Boots,208.94,208.94,https://www.ravewonderland.com/products/demonia-black-vegan-leather-thigh-high-platform-boots,best-selling-boots-shoes,2026-09-29
Rave Wonderland,Platform Shoes & Boots,Demonia Camel Patent Black Women's Thigh High Platform Boots,182.94,182.94,https://www.ravewonderland.com/products/demonia-camel-patent-black-womens-thigh-high-platform-boots,best-selling-boots-shoes,2026-09-29
Rave Wonderland,Platform Shoes & Boots,Demonia Black Patent Stacked Platform Ankle Boots,134.94,134.94,https://www.ravewonderland.com/products/demonia-black-patent-stacked-platform-ankle-boots,best-selling-boots-shoes,2026-09-29
Rave Wonderland,Platform Shoes & Boots,Demonia Matte Black Stacked Platform Boots,134.94,134.94,https://www.ravewonderland.com/products/demonia-matte-black-stacked-platform-boots,best-selling-boots-shoes,2026-09-29
Rave Wonderland,Platform Shoes & Boots,Demonia White Stacked Women's Wedge Platform Ankle Boots,134.94,134.94,https://www.ravewonderland.com/products/white-stacked-wedge-platform-ankle-boots,best-selling-boots-shoes,2026-09-29
