"Region","rave outfits","festival outfit","EDC outfit"
"Utah",78,19,3
"North Dakota",77,23,0
"New Mexico",75,20,5
"Colorado",73,25,2
"Idaho",72,28,0
"Arizona",72,25,3
"Washington",72,25,3
"Montana",71,29,0
"California",70,25,5
"Oklahoma",69,31,0
"Hawaii",69,24,7
"Rhode Island",68,32,0
"Oregon",67,30,3
"Nebraska",66,34,0
"South Dakota",66,34,0
"Minnesota",66,32,2
"Missouri",65,34,1
"Florida",65,27,8
"Nevada",65,18,17
"Alaska",64,36,0
"Indiana",64,36,0
"Wisconsin",64,34,2
"Texas",64,33,3
"New Hampshire",63,37,0
"Kansas",62,35,3
"New Jersey",62,35,3
"Delaware",61,39,0
"Iowa",61,39,0
"Mississippi",60,40,0
"Maryland",59,39,2
"Pennsylvania",59,39,2
"Alabama",59,38,3
"New York",59,38,3
"Arkansas",58,42,0
"Connecticut",58,42,0
"Illinois",58,40,2
"Virginia",58,40,2
"Massachusetts",58,39,3
"Maine",57,43,0
"West Virginia",57,43,0
"North Carolina",57,41,2
"Kentucky",56,44,0
"Michigan",55,43,2
"Ohio",55,43,2
"Tennessee",55,43,2
"South Carolina",54,46,0
"Vermont",54,46,0
"Georgia",54,43,3
"District of Columbia",53,47,0
"Louisiana",52,48,0
"Wyoming",52,48,0