"Time","rave outfits","festival outfit","EDC outfit"
"2021-10-01",78,19,9
"2021-11-01",58,10,5
"2021-12-01",42,7,1
"2022-01-01",43,13,1
"2022-02-01",51,16,2
"2022-03-01",67,24,4
"2022-04-01",69,27,7
"2022-05-01",52,24,8
"2022-06-01",42,23,2
"2022-07-01",52,26,1
"2022-08-01",54,24,2
"2022-09-01",57,28,2
"2022-10-01",50,22,2
"2022-11-01",46,11,3
"2022-12-01",40,10,1
"2023-01-01",52,13,1
"2023-02-01",54,18,1
"2023-03-01",71,28,4
"2023-04-01",72,36,7
"2023-05-01",65,31,8
"2023-06-01",55,29,1
"2023-07-01",52,27,1
"2023-08-01",59,31,1
"2023-09-01",52,31,2
"2023-10-01",53,21,4
"2023-11-01",41,13,3
"2023-12-01",47,11,0
"2024-01-01",51,16,2
"2024-02-01",57,23,1
"2024-03-01",80,30,3
"2024-04-01",75,42,7
"2024-05-01",78,38,8
"2024-06-01",64,44,2
"2024-07-01",56,36,1
"2024-08-01",90,38,1
"2024-09-01",67,38,3
"2024-10-01",64,32,5
"2024-11-01",50,19,2
"2024-12-01",45,15,0
"2025-01-01",55,17,2
"2025-02-01",66,26,4
"2025-03-01",85,36,3
"2025-04-01",88,42,10
"2025-05-01",85,38,11
"2025-06-01",62,31,3
"2025-07-01",66,56,2
"2025-08-01",65,35,2
"2025-09-01",63,39,2
"2025-10-01",63,30,6
"2025-11-01",53,25,3
"2025-12-01",49,29,1
"2026-01-01",59,43,3
"2026-02-01",59,56,4
"2026-03-01",76,57,4
"2026-04-01",100,88,12
"2026-05-01",82,63,13
"2026-06-01",55,48,4
"2026-07-01",51,35,1
"2026-08-01",59,35,1
"2026-09-01",71,43,2